site,page,query,impressions,clicks,ctr,position,status_0944,action_0944
inhega,https://inhega.co.kr/services/hanok,site:inhega.co.kr,121,0,0,16.0,대상외,"검색어가 site: 연산자(질문 없음) — 답할 질문형 H2 를 만들 근거 없음, 대조군"
inhega,https://inhega.co.kr/ja,site:inhega.co.kr,68,0,0,10.4,대상외,"검색어가 site: 연산자(질문 없음) — 답할 질문형 H2 를 만들 근거 없음, 대조군"
inhega,https://inhega.co.kr/services/tobacco,site:inhega.co.kr,56,0,0,15.5,대상외,"검색어가 site: 연산자(질문 없음) — 답할 질문형 H2 를 만들 근거 없음, 대조군"
inhega,https://inhega.co.kr/services/nonprofit,site:inhega.co.kr,44,0,0,12.6,대상외,"검색어가 site: 연산자(질문 없음) — 답할 질문형 H2 를 만들 근거 없음, 대조군"
inhega,https://inhega.co.kr/blog?page=6,site:inhega.co.kr,34,0,0,18,대상외,"검색어가 site: 연산자(질문 없음) — 답할 질문형 H2 를 만들 근거 없음, 대조군"
inhega,https://inhega.co.kr/services/ecig,site:inhega.co.kr,34,0,0,14,대상외,"검색어가 site: 연산자(질문 없음) — 답할 질문형 H2 를 만들 근거 없음, 대조군"
inhega,https://inhega.co.kr/services/logistics,site:inhega.co.kr,34,0,0,12,대상외,"검색어가 site: 연산자(질문 없음) — 답할 질문형 H2 를 만들 근거 없음, 대조군"
inhega,https://inhega.co.kr/services/venture-cert,site:inhega.co.kr,34,0,0,20,대상외,"검색어가 site: 연산자(질문 없음) — 답할 질문형 H2 를 만들 근거 없음, 대조군"
inhega,https://inhega.co.kr/zh/services/cosmetics,site:inhega.co.kr,34,0,0,19,대상외,"검색어가 site: 연산자(질문 없음) — 답할 질문형 H2 를 만들 근거 없음, 대조군"
inhega,https://inhega.co.kr/blog/cosmetics-manufacturing-registration,화장품제조업,26,0,0,13.8,변경없음,기존 절(법 제2조 제10호 정의·시행규칙 제3조② 등록처·제6조 시설기준)과 FAQ 6=FAQPage 6 이 이미 답함
f4visa,https://www.f4visa.net/blog/f4-visa-work-industry-scope-guide,f4 비자 취업 가능 업종,62,0,0,9.7,수정,"질문형 H2 #f4-work-scope 신설(현행 고시 2026.2.12 목록·근거), 낡은 제한직종 표·사례표·FAQ Q2·Q3·Q4·Q7 정정, Q8 신설, 내부링크 3"
